date,day of year,method,site,treat,seg,rep,ephemeroptera,ameletus,acentrella,baetis,diphetor,drunella doddsii,drunella grandis,drunella colorodensis,serratella,ephemerella,epeorus,rhithrogina,heptagenia,cinygmula,paraleptophlebia,plecoptera ,capniidae,chloroperlidae,sweltsa,zapada,perlidae,hesperoperla,claassenia,perlodidae,isoperla,skwala,megarcys,diura,doroneuria,paraleuctra,tricoptera,brachycentrus,glossosoma,arctopsyche,hydropsyche,hydroptila,lepidostoma,rhyacohila,limnephilidae,micrasema,neophylax,amiocentrus,neothrema,anagopetus,cheumatopsyche,oligophlebodes,chironomidae,chironomini,orthocladinae,diamisini,tanypodinae,tanytarsini,diptera,ptychopteridae,empididae,syrphidae,ceratopogonidae,dixidae,simulium,antocha,dicronota,hexatoma,tipula,chelifera/neoplasta,culicidae,pericoma,tabanidae,psychodidae,ephydridae,dixa,stratiomyidae,coleoptera,heterlimnius,zaitzevia,dytiscidae,haliplidae,hydraenidae,hydrophilidae,narpus,lara,hemiptera,notonectidae,gyrinidae,gerridae,gastropoda,physa,pisidium,lymnaeidae,gyraulus,acari,oligochaeta,nematoda,turbellaria,lumbricidae,zygoptera,anisoptera,collembola,total ,perchiro,perept
6/7/2021,158,benthic,lp,bda,low,1,0,0,0,0,0,0,0,0,0,0,0,0,0,0,0,0,0,0,0,0,0,0,0,0,0,0,0,0,0,0,8,0,0,0,0,8,0,0,0,0,0,0,0,0,0,0,74,0,57,0,1,16,3,0,0,0,3,0,0,0,0,0,0,0,0,0,0,0,0,0,0,0,0,0,0,0,0,0,0,0,0,0,0,0,80,0,80,0,0,2,12,0,2,0,0,0,0,181,40.88,4.42
6/7/2021,158,benthic,lp,bda,low,2,4,0,0,0,4,0,0,0,0,0,0,0,0,0,0,0,0,0,0,0,0,0,0,0,0,0,0,0,0,0,29,0,0,0,0,29,0,0,0,0,0,0,0,0,0,0,180,0,154,0,0,26,2,0,0,0,2,0,0,0,0,0,0,0,0,0,0,0,0,0,0,5,2,0,2,1,0,0,0,0,0,0,0,0,46,0,46,0,0,7,75,0,12,0,0,0,0,360,50,9.17
6/7/2021,158,benthic,lp,bda,low,3,3,0,0,0,3,0,0,0,0,0,0,0,0,0,0,0,0,0,0,0,0,0,0,0,0,0,0,0,0,0,10,0,0,0,0,10,0,0,0,0,0,0,0,0,0,0,78,1,66,0,3,8,1,0,0,0,0,0,0,0,1,0,0,0,0,0,0,0,0,0,0,1,0,0,1,0,0,0,0,0,0,0,0,0,9,0,9,0,0,10,13,0,12,0,0,0,0,137,56.93,9.49
6/7/2021,158,benthic,lp,bda,mid,1,0,0,0,0,0,0,0,0,0,0,0,0,0,0,0,0,0,0,0,0,0,0,0,0,0,0,0,0,0,0,0,0,0,0,0,0,0,0,0,0,0,0,0,0,0,0,44,16,10,0,2,16,0,0,0,0,0,0,0,0,0,0,0,0,0,0,0,0,0,0,0,0,0,0,0,0,0,0,0,0,0,0,0,0,7,0,7,0,0,0,36,0,2,0,0,0,0,89,49.44,0
6/7/2021,158,benthic,lp,bda,mid,2,0,0,0,0,0,0,0,0,0,0,0,0,0,0,0,0,0,0,0,0,0,0,0,0,0,0,0,0,0,0,0,0,0,0,0,0,0,0,0,0,0,0,0,0,0,0,106,13,55,0,4,34,2,0,0,0,2,0,0,0,0,0,0,0,0,0,0,0,0,0,0,7,0,0,4,3,0,0,0,0,0,0,0,0,4,0,4,0,0,0,48,0,11,0,0,0,0,178,59.55,0
6/7/2021,158,benthic,lp,bda,mid,3,0,0,0,0,0,0,0,0,0,0,0,0,0,0,0,0,0,0,0,0,0,0,0,0,0,0,0,0,0,0,1,0,0,0,0,1,0,0,0,0,0,0,0,0,0,0,97,0,37,0,26,34,1,0,0,0,1,0,0,0,0,0,0,0,0,0,0,0,0,0,0,2,0,0,2,0,0,0,0,0,0,0,0,0,61,0,61,0,0,0,20,0,18,0,0,0,0,200,48.5,0.5
6/7/2021,158,benthic,lp,bda,up,1,0,0,0,0,0,0,0,0,0,0,0,0,0,0,0,1,0,0,1,0,0,0,0,0,0,0,0,0,0,0,0,0,0,0,0,0,0,0,0,0,0,0,0,0,0,0,16,0,8,0,4,4,1,0,0,0,1,0,0,0,0,0,0,0,0,0,0,0,0,0,0,1,0,0,1,0,0,0,0,0,0,0,0,0,5,0,5,0,0,1,3,0,5,0,0,0,0,33,48.48,3.03
6/7/2021,158,benthic,lp,bda,up,2,0,0,0,0,0,0,0,0,0,0,0,0,0,0,0,0,0,0,0,0,0,0,0,0,0,0,0,0,0,0,8,0,0,0,0,1,0,0,7,0,0,0,0,0,0,0,50,0,30,0,6,14,3,0,0,0,2,0,0,0,0,0,0,0,0,1,0,0,0,0,0,0,0,0,0,0,0,0,0,0,0,0,0,0,224,1,223,0,0,0,73,0,17,0,0,0,0,375,13.33,2.13
6/7/2021,158,benthic,lp,bda,up,3,0,0,0,0,0,0,0,0,0,0,0,0,0,0,0,5,0,0,3,2,0,0,0,0,0,0,0,0,0,0,5,0,0,0,0,4,0,0,1,0,0,0,0,0,0,0,11,0,7,0,2,2,0,0,0,0,0,0,0,0,0,0,0,0,0,0,0,0,0,0,0,0,0,0,0,0,0,0,0,0,0,0,0,0,2,0,2,0,0,3,3,0,6,0,0,0,0,35,31.43,28.57
6/7/2021,158,benthic,lp,ref,low,1,0,0,0,0,0,0,0,0,0,0,0,0,0,0,0,0,0,0,0,0,0,0,0,0,0,0,0,0,0,0,0,0,0,0,0,0,0,0,0,0,0,0,0,0,0,0,3,0,1,0,0,2,2,0,0,0,0,0,1,0,0,0,0,0,0,1,0,0,0,0,0,1,1,0,0,0,0,0,0,0,0,0,0,0,2,0,2,0,0,0,0,0,1,0,0,0,0,9,33.33,0
6/7/2021,158,benthic,lp,ref,low,2,1,0,0,1,0,0,0,0,0,0,0,0,0,0,0,0,0,0,0,0,0,0,0,0,0,0,0,0,0,0,0,0,0,0,0,0,0,0,0,0,0,0,0,0,0,0,0,0,0,0,0,0,0,0,0,0,0,0,0,0,0,0,0,0,0,0,0,0,0,0,0,0,0,0,0,0,0,0,0,0,0,0,0,0,0,0,0,0,0,0,0,0,0,0,0,0,0,1,0,100
6/7/2021,158,benthic,lp,ref,low,3,0,0,0,0,0,0,0,0,0,0,0,0,0,0,0,0,0,0,0,0,0,0,0,0,0,0,0,0,0,0,2,0,0,0,0,0,1,0,1,0,0,0,0,0,0,0,72,0,54,4,2,12,0,0,0,0,0,0,0,0,0,0,0,0,0,0,0,0,0,0,0,7,5,0,2,0,0,0,0,0,0,0,0,0,0,0,0,0,0,20,8,0,13,0,0,0,0,122,59.02,1.64
6/7/2021,158,benthic,lp,ref,mid,1,0,0,0,0,0,0,0,0,0,0,0,0,0,0,0,0,0,0,0,0,0,0,0,0,0,0,0,0,0,0,0,0,0,0,0,0,0,0,0,0,0,0,0,0,0,0,19,0,7,0,8,4,0,0,0,0,0,0,0,0,0,0,0,0,0,0,0,0,0,0,0,1,1,0,0,0,0,0,0,0,0,0,0,0,0,0,0,0,0,6,6,0,8,0,0,0,0,40,47.5,0
6/7/2021,158,benthic,lp,ref,mid,2,0,0,0,0,0,0,0,0,0,0,0,0,0,0,0,0,0,0,0,0,0,0,0,0,0,0,0,0,0,0,0,0,0,0,0,0,0,0,0,0,0,0,0,0,0,0,46,0,25,0,13,8,2,0,0,0,1,0,0,0,0,0,0,1,0,0,0,0,0,0,0,3,2,0,1,0,0,0,0,0,0,0,0,0,1,0,1,0,0,11,6,0,2,0,0,0,0,71,64.79,0
6/7/2021,158,benthic,lp,ref,mid,3,0,0,0,0,0,0,0,0,0,0,0,0,0,0,0,1,0,0,1,0,0,0,0,0,0,0,0,0,0,0,1,0,0,0,0,0,0,0,1,0,0,0,0,0,0,0,42,3,10,0,20,9,0,0,0,0,0,0,0,0,0,0,0,0,0,0,0,0,0,0,0,3,0,0,2,1,0,0,0,0,0,0,0,0,4,0,4,0,0,25,10,0,7,0,0,0,0,93,45.16,2.15
6/7/2021,158,benthic,lp,ref,up,1,2,0,0,2,0,0,0,0,0,0,0,0,0,0,0,2,0,0,2,0,0,0,0,0,0,0,0,0,0,0,0,0,0,0,0,0,0,0,0,0,0,0,0,0,0,0,24,0,22,0,2,0,1,0,0,0,0,0,1,0,0,0,0,0,0,0,0,0,0,0,0,4,0,0,4,0,0,0,0,0,0,0,0,0,2,1,1,0,0,20,6,0,8,0,0,0,0,69,34.78,5.8
6/7/2021,158,benthic,lp,ref,up,2,20,0,0,20,0,0,0,0,0,0,0,0,0,0,0,8,0,0,8,0,0,0,0,0,0,0,0,0,0,0,1,0,0,0,0,0,0,0,1,0,0,0,0,0,0,0,82,0,81,0,0,1,10,0,0,0,0,0,8,0,0,0,0,1,1,0,0,0,0,0,0,3,0,0,3,0,0,0,0,0,0,0,0,0,2,1,1,0,0,82,18,0,17,0,0,0,0,243,33.74,11.93
6/7/2021,158,benthic,lp,ref,up,3,1,0,0,1,0,0,0,0,0,0,0,0,0,0,0,0,0,0,0,0,0,0,0,0,0,0,0,0,0,0,0,0,0,0,0,0,0,0,0,0,0,0,0,0,0,0,15,1,13,0,0,1,0,0,0,0,0,0,0,0,0,0,0,0,0,0,0,0,0,0,0,6,0,0,5,0,1,0,0,0,0,0,0,0,0,0,0,0,0,21,9,0,5,0,0,0,0,57,26.32,1.75
6/8/2021,159,benthic,fish,bda,low,1,6,2,0,0,1,0,0,0,0,0,0,0,0,3,0,0,0,0,0,0,0,0,0,0,0,0,0,0,0,0,1,0,0,0,0,0,0,0,1,0,0,0,0,0,0,0,4,0,3,0,1,0,3,0,0,0,0,0,3,0,0,0,0,0,0,0,0,0,0,0,0,3,2,0,0,1,0,0,0,0,0,0,0,0,3,0,3,0,0,0,18,0,2,0,0,0,0,40,10,17.5
6/8/2021,159,benthic,fish,bda,low,2,14,0,0,4,2,0,0,0,4,0,0,0,0,4,0,1,0,0,1,0,0,0,0,0,0,0,0,0,0,0,0,0,0,0,0,0,0,0,0,0,0,0,0,0,0,0,11,0,9,0,1,1,0,0,0,0,0,0,0,0,0,0,0,0,0,0,0,0,0,0,0,7,7,0,0,0,0,0,0,0,0,0,0,0,0,0,0,0,0,0,1,0,4,0,0,0,0,38,28.95,39.47
6/8/2021,159,benthic,fish,bda,low,3,39,0,0,14,1,2,0,2,10,0,0,0,1,9,0,3,0,1,1,1,0,0,0,0,0,0,0,0,0,0,1,0,0,1,0,0,0,0,0,0,0,0,0,0,0,0,4,0,2,0,0,2,0,0,0,0,0,0,0,0,0,0,0,0,0,0,0,0,0,0,0,7,5,0,0,1,0,1,0,0,0,0,0,0,0,0,0,0,0,1,4,0,8,0,0,0,0,67,5.97,64.18
6/8/2021,159,benthic,fish,bda,mid,1,43,16,0,2,19,0,0,0,4,0,0,0,0,2,0,1,1,0,0,0,0,0,0,0,0,0,0,0,0,0,1,1,0,0,0,0,0,0,0,0,0,0,0,0,0,0,53,23,15,0,14,1,2,0,0,0,0,0,0,0,0,1,1,0,0,0,0,0,0,0,0,0,0,0,0,0,0,0,0,0,0,0,0,0,17,0,17,0,0,0,12,0,0,0,0,0,0,129,41.09,34.88
6/8/2021,159,benthic,fish,bda,mid,2,93,6,0,6,78,0,0,0,1,2,0,0,0,0,0,6,0,0,0,0,0,0,0,6,0,0,0,0,0,0,1,1,0,0,0,0,0,0,0,0,0,0,0,0,0,0,93,14,38,2,38,1,2,0,0,0,1,0,1,0,0,0,0,0,0,0,0,0,0,0,0,2,2,0,0,0,0,0,0,0,0,0,0,0,14,0,14,0,0,1,27,0,1,0,0,0,0,240,38.75,41.67
6/8/2021,159,benthic,fish,bda,mid,3,21,1,0,3,13,0,0,0,2,0,0,0,1,1,0,2,0,0,0,1,0,0,0,1,0,0,0,0,0,0,1,0,0,0,0,0,0,0,1,0,0,0,0,0,0,0,2,0,1,0,1,0,1,0,0,0,0,0,1,0,0,0,0,0,0,0,0,0,0,0,0,7,7,0,0,0,0,0,0,0,0,0,0,0,3,0,3,0,0,1,1,0,0,0,0,0,0,39,5.13,61.54
6/8/2021,159,benthic,fish,bda,up,1,22,4,0,0,12,0,0,0,0,0,0,0,2,1,3,3,0,0,0,1,0,0,0,2,0,0,0,0,0,0,4,0,0,0,0,0,0,2,2,0,0,0,0,0,0,0,47,27,13,0,6,1,2,0,0,0,1,0,1,0,0,0,0,0,0,0,0,0,0,0,0,3,2,0,0,1,0,0,0,0,0,0,0,0,3,0,3,0,0,0,6,0,9,0,0,0,0,99,47.47,29.29
6/8/2021,159,benthic,fish,bda,up,2,0,0,0,0,0,0,0,0,0,0,0,0,0,0,0,0,0,0,0,0,0,0,0,0,0,0,0,0,0,0,0,0,0,0,0,0,0,0,0,0,0,0,0,0,0,0,2,0,2,0,0,0,0,0,0,0,0,0,0,0,0,0,0,0,0,0,0,0,0,0,0,1,1,0,0,0,0,0,0,0,0,0,0,0,0,0,0,0,0,0,0,0,0,0,0,0,0,3,66.67,0
6/8/2021,159,benthic,fish,bda,up,3,3,1,0,0,1,0,0,0,0,0,0,0,0,1,0,0,0,0,0,0,0,0,0,0,0,0,0,0,0,0,1,0,0,0,0,0,0,1,0,0,0,0,0,0,0,0,2,0,1,0,0,1,0,0,0,0,0,0,0,0,0,0,0,0,0,0,0,0,0,0,0,2,1,0,1,0,0,0,0,0,0,0,0,0,1,0,1,0,0,0,26,0,5,0,0,0,0,40,5,10
6/8/2021,159,benthic,fish,ref,low,1,71,0,0,16,0,9,0,13,12,0,9,0,0,12,0,12,0,0,2,4,0,0,1,3,0,0,1,0,0,1,15,1,0,1,0,0,0,6,0,0,5,2,0,0,0,0,3,0,1,0,0,2,29,0,0,0,0,0,28,0,0,0,1,0,0,0,0,0,0,0,0,20,18,1,0,0,0,1,0,0,0,0,0,0,0,0,0,0,0,0,1,0,18,0,0,0,0,169,1.78,57.99
6/8/2021,159,benthic,fish,ref,low,2,41,0,0,19,2,1,0,3,8,0,2,0,0,6,0,3,0,1,2,0,0,0,0,0,0,0,0,0,0,0,4,0,0,0,0,0,0,3,0,0,0,1,0,0,0,0,7,0,7,0,0,0,3,0,0,0,0,0,3,0,0,0,0,0,0,0,0,0,0,0,0,0,0,0,0,0,0,0,0,0,0,0,0,0,0,0,0,0,0,0,1,0,1,0,0,0,0,60,11.67,80
6/8/2021,159,benthic,fish,ref,low,3,118,1,0,30,4,13,0,16,20,0,3,0,0,30,1,12,0,0,1,5,0,0,1,3,0,0,0,0,0,2,37,5,4,1,0,0,0,11,0,0,6,10,0,0,0,0,10,0,8,0,0,2,25,0,0,0,0,0,24,0,1,0,0,0,0,0,0,0,0,0,0,22,22,0,0,0,0,0,0,0,0,0,0,0,8,0,8,0,0,8,23,0,19,0,0,0,0,282,3.55,59.22
6/8/2021,159,benthic,fish,ref,mid,1,59,0,0,35,3,1,2,0,10,0,5,0,0,3,0,1,0,0,0,0,0,0,0,1,0,0,0,0,0,0,8,1,0,0,0,0,0,2,0,0,5,0,0,0,0,0,10,0,10,0,0,0,1,0,0,0,0,0,1,0,0,0,0,0,0,0,0,0,0,0,0,6,6,0,0,0,0,0,0,0,0,0,0,0,0,0,0,0,0,0,0,0,9,0,0,0,0,94,10.64,72.34
6/8/2021,159,benthic,fish,ref,mid,2,6,0,0,3,1,0,0,0,0,0,1,0,0,1,0,0,0,0,0,0,0,0,0,0,0,0,0,0,0,0,3,0,0,0,0,0,0,0,0,0,3,0,0,0,0,0,0,0,0,0,0,0,0,0,0,0,0,0,0,0,0,0,0,0,0,0,0,0,0,0,0,0,0,0,0,0,0,0,0,0,0,0,0,0,0,0,0,0,0,0,0,0,0,0,0,0,0,9,0,100
6/8/2021,159,benthic,fish,ref,mid,3,59,0,0,30,0,2,1,0,23,0,1,0,0,2,0,3,0,0,2,1,0,0,0,0,0,0,0,0,0,0,9,0,0,2,0,0,0,2,1,0,4,0,0,0,0,0,16,0,16,0,0,0,3,0,0,0,0,0,3,0,0,0,0,0,0,0,0,0,0,0,0,4,4,0,0,0,0,0,0,0,0,0,0,0,0,0,0,0,0,0,0,0,2,0,0,0,0,96,16.67,73.96
6/8/2021,159,benthic,fish,ref,up,1,73,0,0,32,1,5,0,6,17,0,0,0,0,12,0,12,0,1,6,3,0,0,0,2,0,0,0,0,0,0,5,3,0,0,0,0,0,1,0,0,1,0,0,0,0,0,1,0,1,0,0,0,8,0,0,0,0,0,8,0,0,0,0,0,0,0,0,0,0,0,0,4,3,0,0,1,0,0,0,0,0,0,0,0,0,0,0,0,0,0,4,0,5,0,0,0,0,112,0.89,80.36
6/8/2021,159,benthic,fish,ref,up,2,29,0,0,11,1,4,0,2,4,0,6,0,0,1,0,2,0,0,0,1,0,0,0,1,0,0,0,0,0,0,6,1,1,0,0,0,0,3,0,0,1,0,0,0,0,0,1,0,1,0,0,0,2,0,0,0,0,0,2,0,0,0,0,0,0,0,0,0,0,0,0,1,1,0,0,0,0,0,0,0,0,0,0,0,0,0,0,0,0,0,0,0,5,0,0,0,0,46,2.17,80.43
6/8/2021,159,benthic,fish,ref,up,3,29,0,0,6,2,1,0,7,1,0,0,0,0,12,0,3,0,0,1,0,0,0,1,1,0,0,0,0,0,0,4,0,0,1,0,0,0,2,0,0,1,0,0,0,0,0,2,0,2,0,0,0,0,0,0,0,0,0,0,0,0,0,0,0,0,0,0,0,0,0,0,2,2,0,0,0,0,0,0,0,0,0,0,0,1,0,1,0,0,0,2,0,2,0,0,0,0,45,4.44,80
6/10/2021,161,benthic,tp,bda,low,1,2,0,0,0,1,0,0,0,1,0,0,0,0,0,0,0,0,0,0,0,0,0,0,0,0,0,0,0,0,0,1,0,0,0,0,1,0,0,0,0,0,0,0,0,0,0,5,0,2,0,0,3,0,0,0,0,0,0,0,0,0,0,0,0,0,0,0,0,0,0,0,0,0,0,0,0,0,0,0,0,0,0,0,0,0,0,0,0,0,1,0,0,1,0,0,0,0,10,50,30
6/10/2021,161,benthic,tp,bda,low,2,17,0,0,0,16,0,0,0,1,0,0,0,0,0,0,0,0,0,0,0,0,0,0,0,0,0,0,0,0,0,8,0,0,0,0,0,0,1,0,7,0,0,0,0,0,0,30,0,19,0,8,3,0,0,0,0,0,0,0,0,0,0,0,0,0,0,0,0,0,0,0,3,3,0,0,0,0,0,0,0,0,0,0,0,12,1,11,0,0,2,2,0,13,0,0,0,0,87,34.48,28.74
6/10/2021,161,benthic,tp,bda,low,3,2,0,0,0,1,0,0,0,1,0,0,0,0,0,0,0,0,0,0,0,0,0,0,0,0,0,0,0,0,0,1,0,0,0,0,0,0,0,0,1,0,0,0,0,0,0,2,0,1,0,1,0,2,0,0,0,0,0,2,0,0,0,0,0,0,0,0,0,0,0,0,0,0,0,0,0,0,0,0,0,0,0,0,0,0,0,0,0,0,0,0,0,2,0,0,0,0,9,22.22,33.33
6/10/2021,161,benthic,tp,bda,mid,1,6,0,0,0,4,0,0,0,0,0,0,0,0,2,0,1,0,0,1,0,0,0,0,0,0,0,0,0,0,0,1,0,0,0,0,0,0,0,0,1,0,0,0,0,0,0,6,0,1,0,5,0,1,0,0,0,0,0,0,0,0,1,0,0,0,0,0,0,0,0,0,2,2,0,0,0,0,0,0,0,0,0,0,0,11,0,11,0,0,1,4,0,2,0,0,0,0,35,17.14,22.86
6/10/2021,161,benthic,tp,bda,mid,2,0,0,0,0,0,0,0,0,0,0,0,0,0,0,0,0,0,0,0,0,0,0,0,0,0,0,0,0,0,0,0,0,0,0,0,0,0,0,0,0,0,0,0,0,0,0,0,0,0,0,0,0,0,0,0,0,0,0,0,0,0,0,0,0,0,0,0,0,0,0,0,0,0,0,0,0,0,0,0,0,0,0,0,0,0,0,0,0,0,0,0,0,1,0,0,0,0,1,0,0
6/10/2021,161,benthic,tp,bda,mid,3,7,0,0,0,4,0,0,0,1,1,0,0,0,0,1,2,0,0,0,2,0,0,0,0,0,0,0,0,0,0,0,0,0,0,0,0,0,0,0,0,0,0,0,0,0,0,12,1,0,0,7,4,17,0,0,0,0,0,16,0,0,1,0,0,0,0,0,0,0,0,0,0,0,0,0,0,0,0,0,0,0,0,0,0,43,0,43,0,0,0,7,0,6,0,0,0,0,94,12.77,9.57
6/10/2021,161,benthic,tp,bda,up,1,2,0,0,0,0,0,0,0,2,0,0,0,0,0,0,1,1,0,0,0,0,0,0,0,0,0,0,0,0,0,0,0,0,0,0,0,0,0,0,0,0,0,0,0,0,0,0,0,0,0,0,0,3,0,0,0,0,0,3,0,0,0,0,0,0,0,0,0,0,0,0,0,0,0,0,0,0,0,0,0,0,0,0,0,0,0,0,0,0,0,3,0,1,0,0,0,0,10,0,30
6/10/2021,161,benthic,tp,bda,up,2,14,0,0,0,12,0,0,0,2,0,0,0,0,0,0,6,3,0,0,0,0,0,0,3,0,0,0,0,0,0,1,0,0,0,0,0,0,0,0,1,0,0,0,0,0,0,7,3,2,0,2,0,7,0,0,0,0,0,7,0,0,0,0,0,0,0,0,0,0,0,0,5,2,0,3,0,0,0,0,0,0,0,0,0,1,0,1,0,0,0,6,0,5,0,0,0,0,52,13.46,40.38
6/10/2021,161,benthic,tp,bda,up,3,41,1,0,0,10,0,0,0,28,0,0,0,1,1,0,51,6,0,0,43,0,0,0,0,2,0,0,0,0,0,17,0,0,0,0,0,0,14,0,3,0,0,0,0,0,0,33,4,19,0,4,6,106,0,0,0,0,0,106,0,0,0,0,0,0,0,0,0,0,0,0,11,10,1,0,0,0,0,0,0,0,0,0,0,2,0,2,0,0,1,1,0,13,0,0,0,0,276,11.96,39.49
6/10/2021,161,benthic,tp,ref,low,1,61,0,0,0,58,0,0,0,3,0,0,0,0,0,0,0,0,0,0,0,0,0,0,0,0,0,0,0,0,0,1,0,0,0,0,0,0,1,0,0,0,0,0,0,0,0,17,0,7,0,5,5,0,0,0,0,0,0,0,0,0,0,0,0,0,0,0,0,0,0,0,1,1,0,0,0,0,0,0,0,0,0,0,0,29,0,29,0,0,2,1,0,10,0,0,0,0,122,13.93,50.82
6/10/2021,161,benthic,tp,ref,low,2,18,0,0,0,16,0,0,0,2,0,0,0,0,0,0,0,0,0,0,0,0,0,0,0,0,0,0,0,0,0,0,0,0,0,0,0,0,0,0,0,0,0,0,0,0,0,9,0,2,0,2,5,2,0,0,0,0,0,2,0,0,0,0,0,0,0,0,0,0,0,0,0,0,0,0,0,0,0,0,0,0,0,0,0,16,1,15,0,0,3,0,0,12,0,0,0,0,60,15,30
6/10/2021,161,benthic,tp,ref,low,3,26,0,0,0,21,0,0,0,4,0,0,0,0,0,1,3,0,0,1,0,0,0,0,2,0,0,0,0,0,0,1,0,0,0,0,0,0,0,0,1,0,0,0,0,0,0,3,0,1,0,2,0,0,0,0,0,0,0,0,0,0,0,0,0,0,0,0,0,0,0,0,6,6,0,0,0,0,0,0,0,0,0,0,0,3,1,2,0,0,0,0,0,6,0,0,0,0,48,6.25,62.5
6/10/2021,161,benthic,tp,ref,mid,1,94,0,0,0,80,0,0,0,6,0,0,0,1,0,7,5,0,0,0,3,0,0,0,1,0,0,0,0,0,1,7,0,0,0,0,2,4,1,0,0,0,0,0,0,0,0,24,0,4,0,8,12,3,0,0,0,0,0,3,0,0,0,0,0,0,0,0,0,0,0,0,3,3,0,0,0,0,0,0,0,0,0,0,0,6,1,1,4,0,0,0,0,18,0,0,0,0,160,15,66.25
6/10/2021,161,benthic,tp,ref,mid,2,44,0,0,0,44,0,0,0,0,0,0,0,0,0,0,0,0,0,0,0,0,0,0,0,0,0,0,0,0,0,6,0,0,0,0,1,0,0,0,5,0,0,0,0,0,0,13,0,1,0,1,11,0,0,0,0,0,0,0,0,0,0,0,0,0,0,0,0,0,0,0,6,3,2,1,0,0,0,0,0,0,0,0,0,17,0,17,0,0,0,2,0,22,0,0,0,0,110,11.82,45.45
6/10/2021,161,benthic,tp,ref,mid,3,4,0,0,0,3,0,0,0,0,0,0,0,0,0,1,0,0,0,0,0,0,0,0,0,0,0,0,0,0,0,1,0,0,0,0,0,0,0,0,1,0,0,0,0,0,0,4,0,1,0,0,3,0,0,0,0,0,0,0,0,0,0,0,0,0,0,0,0,0,0,0,1,1,0,0,0,0,0,0,0,0,0,0,0,3,0,3,0,0,0,2,0,2,0,0,0,0,17,23.53,29.41
6/10/2021,161,benthic,tp,ref,up,1,20,0,0,0,5,0,0,0,15,0,0,0,0,0,0,1,0,0,1,0,0,0,0,0,0,0,0,0,0,0,3,0,0,0,0,0,0,0,0,3,0,0,0,0,0,0,3,0,1,0,0,2,0,0,0,0,0,0,0,0,0,0,0,0,0,0,0,0,0,0,0,2,1,0,1,0,0,0,0,0,0,0,0,0,1,0,1,0,0,0,0,0,0,0,0,0,0,30,10,80
6/10/2021,161,benthic,tp,ref,up,2,24,0,0,0,3,0,0,0,19,0,0,0,1,1,0,5,0,0,2,3,0,0,0,0,0,0,0,0,0,0,5,1,0,0,0,0,0,2,0,2,0,0,0,0,0,0,2,0,2,0,0,0,9,0,0,0,0,0,7,0,0,1,1,0,0,0,0,0,0,0,0,6,6,0,0,0,0,0,0,0,0,0,0,0,42,0,42,0,0,1,2,0,11,0,0,0,0,107,1.87,31.78
6/10/2021,161,benthic,tp,ref,up,3,54,0,0,0,35,0,0,0,17,0,0,0,1,0,1,1,0,0,1,0,0,0,0,0,0,0,0,0,0,0,1,0,0,0,0,0,0,0,0,1,0,0,0,0,0,0,1,0,1,0,0,0,4,0,0,0,0,0,3,0,0,0,1,0,0,0,0,0,0,0,0,4,2,2,0,0,0,0,0,0,0,0,0,0,200,1,195,4,0,0,0,0,3,0,0,0,0,268,0.37,20.9
7/12/2021,193,benthic,lp,bda,low,1,0,0,0,0,0,0,0,0,0,0,0,0,0,0,0,0,0,0,0,0,0,0,0,0,0,0,0,0,0,0,3,0,0,0,0,3,0,0,0,0,0,0,0,0,0,0,177,0,161,0,13,3,2,0,0,0,0,0,0,0,0,0,0,0,0,0,1,0,0,0,1,1,0,0,1,0,0,0,0,0,0,0,0,0,465,1,463,1,0,16,29,0,11,0,0,0,0,704,25.14,0.43
7/12/2021,193,benthic,lp,bda,low,2,1,0,0,1,0,0,0,0,0,0,0,0,0,0,0,0,0,0,0,0,0,0,0,0,0,0,0,0,0,0,0,0,0,0,0,0,0,0,0,0,0,0,0,0,0,0,232,1,198,0,19,14,1,0,0,0,1,0,0,0,0,0,0,0,0,0,0,0,0,0,0,2,0,0,2,0,0,0,0,0,0,0,0,0,394,0,391,0,3,6,35,0,4,0,0,0,0,675,34.37,0.15
7/12/2021,193,benthic,lp,bda,low,3,0,0,0,0,0,0,0,0,0,0,0,0,0,0,0,0,0,0,0,0,0,0,0,0,0,0,0,0,0,0,2,0,0,0,0,2,0,0,0,0,0,0,0,0,0,0,36,0,30,0,6,0,3,0,0,0,0,0,0,0,0,3,0,0,0,0,0,0,0,0,0,0,0,0,0,0,0,0,0,0,0,0,0,0,60,0,60,0,0,6,2,0,2,0,0,0,0,111,32.43,1.8
7/12/2021,193,benthic,lp,bda,mid,1,0,0,0,0,0,0,0,0,0,0,0,0,0,0,0,0,0,0,0,0,0,0,0,0,0,0,0,0,0,0,0,0,0,0,0,0,0,0,0,0,0,0,0,0,0,0,135,3,95,1,12,24,0,0,0,0,0,0,0,0,0,0,0,0,0,0,0,0,0,0,0,3,0,0,3,0,0,0,0,0,0,0,0,0,6,0,6,0,0,1,10,0,4,0,0,0,0,159,84.91,0
7/12/2021,193,benthic,lp,bda,mid,2,0,0,0,0,0,0,0,0,0,0,0,0,0,0,0,0,0,0,0,0,0,0,0,0,0,0,0,0,0,0,0,0,0,0,0,0,0,0,0,0,0,0,0,0,0,0,130,63,47,0,0,20,0,0,0,0,0,0,0,0,0,0,0,0,0,0,0,0,0,0,0,1,0,0,0,1,0,0,0,0,0,0,0,0,56,0,56,0,0,0,13,0,0,0,0,0,0,200,65,0
7/12/2021,193,benthic,lp,bda,mid,3,0,0,0,0,0,0,0,0,0,0,0,0,0,0,0,1,0,0,0,1,0,0,0,0,0,0,0,0,0,0,0,0,0,0,0,0,0,0,0,0,0,0,0,0,0,0,60,7,27,0,17,9,0,0,0,0,0,0,0,0,0,0,0,0,0,0,0,0,0,0,0,2,0,0,1,1,0,0,0,0,0,0,0,0,72,0,72,0,0,0,13,0,12,0,0,0,0,160,37.5,0.63
7/12/2021,193,benthic,lp,bda,up,1,0,0,0,0,0,0,0,0,0,0,0,0,0,0,0,0,0,0,0,0,0,0,0,0,0,0,0,0,0,0,0,0,0,0,0,0,0,0,0,0,0,0,0,0,0,0,49,0,25,0,23,1,#REF!,0,0,0,0,0,0,0,0,1,0,0,0,0,0,0,0,0,0,4,1,0,2,1,0,0,0,0,0,0,0,0,14,0,14,0,0,2,5,0,3,0,0,0,0,78,62.82,0
7/12/2021,193,benthic,lp,bda,up,2,0,0,0,0,0,0,0,0,0,0,0,0,0,0,0,0,0,0,0,0,0,0,0,0,0,0,0,0,0,0,0,0,0,0,0,0,0,0,0,0,0,0,0,0,0,0,161,0,109,0,47,5,1,0,0,0,0,0,0,0,0,1,0,0,0,0,0,0,0,0,0,3,3,0,0,0,0,0,0,0,0,0,0,0,50,0,49,1,0,1,14,0,5,0,0,0,0,235,68.51,0
7/12/2021,193,benthic,lp,bda,up,3,0,0,0,0,0,0,0,0,0,0,0,0,0,0,0,1,0,0,1,0,0,0,0,0,0,0,0,0,0,0,0,0,0,0,0,0,0,0,0,0,0,0,0,0,0,0,94,6,51,0,31,6,1,0,0,0,1,0,0,0,0,0,0,0,0,0,0,0,0,0,0,0,0,0,0,0,0,0,0,0,0,0,0,0,41,0,40,1,0,1,7,0,8,0,0,0,0,153,61.44,0.65
7/12/2021,193,benthic,lp,ref,low,1,0,0,0,0,0,0,0,0,0,0,0,0,0,0,0,0,0,0,0,0,0,0,0,0,0,0,0,0,0,0,0,0,0,0,0,0,0,0,0,0,0,0,0,0,0,0,2,0,1,0,1,0,0,0,0,0,0,0,0,0,0,0,0,0,0,0,0,0,0,0,0,1,0,0,1,0,0,0,0,0,0,0,0,0,1,0,1,0,0,0,0,0,1,0,0,0,0,5,40,0
7/12/2021,193,benthic,lp,ref,low,2,29,0,0,28,0,0,0,0,0,0,0,0,0,0,1,2,0,0,2,0,0,0,0,0,0,0,0,0,0,0,8,0,0,0,0,4,0,0,4,0,0,0,0,0,0,0,67,0,11,0,54,2,1,0,0,0,0,0,0,0,0,1,0,0,0,0,0,0,0,0,0,18,14,0,2,0,2,0,0,0,0,0,0,0,11,2,9,0,0,140,22,0,68,0,0,0,0,366,18.31,10.66
7/12/2021,193,benthic,lp,ref,low,3,2,0,0,2,0,0,0,0,0,0,0,0,0,0,0,0,0,0,0,0,0,0,0,0,0,0,0,0,0,0,0,0,0,0,0,0,0,0,0,0,0,0,0,0,0,0,0,0,0,0,0,0,0,0,0,0,0,0,0,0,0,0,0,0,0,0,0,0,0,0,0,4,3,0,0,0,1,0,0,0,0,0,0,0,0,0,0,0,0,15,0,0,3,0,0,0,0,24,0,8.33
7/12/2021,193,benthic,lp,ref,mid,1,0,0,0,0,0,0,0,0,0,0,0,0,0,0,0,0,0,0,0,0,0,0,0,0,0,0,0,0,0,0,0,0,0,0,0,0,0,0,0,0,0,0,0,0,0,0,14,0,0,0,11,3,0,0,0,0,0,0,0,0,0,0,0,0,0,0,0,0,0,0,0,5,4,0,1,0,0,0,0,0,0,0,0,0,5,1,4,0,0,24,9,0,2,0,0,0,0,59,23.73,0
7/12/2021,193,benthic,lp,ref,mid,2,0,0,0,0,0,0,0,0,0,0,0,0,0,0,0,0,0,0,0,0,0,0,0,0,0,0,0,0,0,0,0,0,0,0,0,0,0,0,0,0,0,0,0,0,0,0,36,3,0,0,30,3,0,0,0,0,0,0,0,0,0,0,0,0,0,0,0,0,0,0,0,3,0,0,3,0,0,0,0,0,0,0,0,0,9,0,9,0,0,16,4,0,1,0,1,0,0,70,51.43,0
7/12/2021,193,benthic,lp,ref,mid,3,0,0,0,0,0,0,0,0,0,0,0,0,0,0,0,1,0,0,1,0,0,0,0,0,0,0,0,0,0,0,1,0,0,0,0,1,0,0,0,0,0,0,0,0,0,0,43,0,6,0,37,0,0,0,0,0,0,0,0,0,0,0,0,0,0,0,0,0,0,0,0,0,0,0,0,0,0,0,0,0,0,0,0,0,3,0,3,0,0,35,5,0,2,0,0,0,0,90,47.78,2.22
7/12/2021,193,benthic,lp,ref,up,1,0,0,0,0,0,0,0,0,0,0,0,0,0,0,0,0,0,0,0,0,0,0,0,0,0,0,0,0,0,0,0,0,0,0,0,0,0,0,0,0,0,0,0,0,0,0,2,0,0,0,2,0,0,0,0,0,0,0,0,0,0,0,0,0,0,0,0,0,0,0,0,6,0,0,2,0,4,0,0,0,0,0,0,0,1,0,1,0,0,6,3,0,1,0,0,0,0,19,10.53,0
7/12/2021,193,benthic,lp,ref,up,2,0,0,0,0,0,0,0,0,0,0,0,0,0,0,0,0,0,0,0,0,0,0,0,0,0,0,0,0,0,0,0,0,0,0,0,0,0,0,0,0,0,0,0,0,0,0,4,0,2,0,2,0,0,0,0,0,0,0,0,0,0,0,0,0,0,0,0,0,0,0,0,1,0,0,0,0,1,0,0,0,0,0,0,0,0,0,0,0,0,3,1,0,0,0,0,0,0,9,44.44,0
7/12/2021,193,benthic,lp,ref,up,3,0,0,0,0,0,0,0,0,0,0,0,0,0,0,0,0,0,0,0,0,0,0,0,0,0,0,0,0,0,0,0,0,0,0,0,0,0,0,0,0,0,0,0,0,0,0,2,0,1,0,1,0,0,0,0,0,0,0,0,0,0,0,0,0,0,0,0,0,0,0,0,4,1,0,3,0,0,0,0,0,0,0,0,0,0,0,0,0,0,42,1,0,13,0,0,0,0,62,3.23,0
7/13/2021,194,benthic,fish,bda,low,1,28,0,0,12,1,0,1,0,5,0,0,0,1,7,1,48,0,0,0,45,0,0,0,0,3,0,0,0,0,0,8,1,0,0,0,0,0,6,1,0,0,0,0,0,0,0,7,0,5,0,1,1,15,0,0,0,0,0,15,0,0,0,0,0,0,0,0,0,0,0,0,16,9,0,3,0,1,0,0,3,0,0,0,0,27,0,27,0,0,12,3,0,12,0,0,0,0,176,3.98,47.73
7/13/2021,194,benthic,fish,bda,low,2,68,1,0,29,0,15,1,1,4,0,1,0,0,14,2,20,0,0,4,9,0,1,0,0,3,0,3,0,0,0,9,0,0,0,0,0,0,5,0,0,0,0,0,0,0,4,14,0,13,1,0,0,2,0,0,0,1,0,0,0,0,1,0,0,0,0,0,0,0,0,0,36,35,0,0,0,1,0,0,0,0,0,0,0,8,0,8,0,0,1,4,1,15,1,0,0,0,179,7.82,54.19
7/13/2021,194,benthic,fish,bda,low,3,55,0,0,11,3,18,1,0,0,0,0,0,0,17,5,13,0,0,1,5,0,2,1,3,0,0,0,0,0,1,7,0,0,0,0,0,0,6,0,0,0,0,1,0,0,0,9,6,3,0,0,0,1,0,0,0,0,0,0,0,1,0,0,0,0,0,0,0,0,0,0,3,3,0,0,0,0,0,0,0,0,0,0,0,0,0,0,0,0,1,0,0,10,0,0,0,0,99,9.09,75.76
7/13/2021,194,benthic,fish,bda,mid,1,13,7,0,2,3,0,0,0,0,0,0,0,0,0,1,3,0,0,0,2,0,0,0,0,1,0,0,0,0,0,2,0,0,0,0,0,0,0,2,0,0,0,0,0,0,0,28,0,26,0,0,2,0,0,0,0,0,0,0,0,0,0,0,0,0,0,0,0,0,0,0,1,0,0,1,0,0,0,0,0,0,0,0,0,7,0,7,0,0,1,5,0,0,0,0,0,0,60,46.67,30
7/13/2021,194,benthic,fish,bda,mid,2,24,1,0,16,3,0,0,0,1,0,0,0,0,0,3,1,0,0,0,0,0,0,0,0,1,0,0,0,0,0,2,0,0,0,0,0,1,1,0,0,0,0,0,0,0,0,13,0,11,0,2,0,2,0,0,0,0,0,2,0,0,0,0,0,0,0,0,0,0,0,0,2,1,0,1,0,0,0,0,0,0,0,0,0,3,0,3,0,0,0,1,0,0,0,0,0,0,48,27.08,56.25
7/13/2021,194,benthic,fish,bda,mid,3,2,2,0,0,0,0,0,0,0,0,0,0,0,0,0,0,0,0,0,0,0,0,0,0,0,0,0,0,0,0,3,0,0,0,0,0,0,0,2,0,0,0,1,0,0,0,26,3,13,0,5,5,0,0,0,0,0,0,0,0,0,0,0,0,0,0,0,0,0,0,0,4,0,0,4,0,0,0,0,0,0,0,0,0,2,0,2,0,0,0,11,0,0,0,0,0,0,48,54.17,10.42
7/13/2021,194,benthic,fish,bda,up,1,10,6,0,2,1,0,0,0,0,0,0,0,0,1,0,2,0,0,0,0,0,0,0,0,2,0,0,0,0,0,2,0,0,0,0,0,0,1,1,0,0,0,0,0,0,0,87,19,40,8,10,10,7,0,0,0,3,0,0,0,0,0,0,0,0,0,4,0,0,0,0,6,4,0,2,0,0,0,0,0,0,0,0,0,28,0,28,0,0,1,66,0,1,0,0,0,0,210,41.43,6.67
7/13/2021,194,benthic,fish,bda,up,2,79,7,0,13,8,14,5,0,4,0,0,0,0,20,8,13,0,0,5,6,0,0,2,0,0,0,0,0,0,0,3,0,0,0,0,0,0,3,0,0,0,0,0,0,0,0,6,1,1,1,3,0,0,0,0,0,0,0,0,0,0,0,0,0,0,0,0,0,0,0,0,9,7,0,2,0,0,0,0,0,0,0,0,0,2,0,2,0,0,1,4,0,36,2,0,0,0,155,3.87,61.29
7/13/2021,194,benthic,fish,bda,up,3,21,2,0,5,1,6,0,0,1,0,0,0,0,5,1,1,0,0,0,1,0,0,0,0,0,0,0,0,0,0,5,0,0,0,0,0,0,3,2,0,0,0,0,0,0,0,0,0,0,0,0,0,0,0,0,0,0,0,0,0,0,0,0,0,0,0,0,0,0,0,0,4,1,0,1,0,1,1,0,0,0,0,0,0,0,0,0,0,0,0,0,0,5,0,0,0,0,36,0,75
7/13/2021,194,benthic,fish,ref,low,1,79,0,0,29,0,29,7,0,7,0,0,0,0,7,0,8,0,0,2,3,0,3,0,0,0,0,0,0,0,0,11,0,0,4,0,0,0,1,0,5,0,0,1,0,0,0,2,0,1,1,0,0,0,0,0,0,0,0,0,0,0,0,0,0,0,0,0,0,0,0,0,9,9,0,0,0,0,0,0,0,0,0,0,0,0,0,0,0,0,0,3,0,14,0,0,0,0,126,1.59,77.78
7/13/2021,194,benthic,fish,ref,low,2,67,0,0,23,1,19,8,0,6,0,0,0,0,8,2,15,0,0,0,9,0,6,0,0,0,0,0,0,0,0,5,0,0,0,0,0,0,3,1,0,1,0,0,0,0,0,1,0,0,0,0,1,1,0,0,0,0,0,1,0,0,0,0,0,0,0,0,0,0,0,0,17,17,0,0,0,0,0,0,0,0,0,0,0,0,0,0,0,0,7,1,0,22,0,0,0,0,136,0.74,63.97
7/13/2021,194,benthic,fish,ref,low,3,102,0,0,46,0,21,1,0,22,0,0,0,0,11,1,17,0,0,4,10,0,3,0,0,0,0,0,0,0,0,16,0,0,2,0,0,0,7,0,6,1,0,0,0,0,0,7,0,2,5,0,0,4,0,0,0,0,0,4,0,0,0,0,0,0,0,0,0,0,0,0,25,25,0,0,0,0,0,0,0,0,0,0,0,0,0,0,0,0,2,0,0,22,0,0,0,0,195,3.59,69.23
7/13/2021,194,benthic,fish,ref,mid,1,52,0,0,23,0,16,1,0,5,0,0,0,0,7,0,25,0,0,6,16,0,2,0,1,0,0,0,0,0,0,8,0,0,0,0,0,0,3,0,3,2,0,0,0,0,0,5,0,0,2,0,3,4,0,0,0,0,0,4,0,0,0,0,0,0,0,0,0,0,0,0,27,25,1,0,0,1,0,0,0,0,0,0,0,0,0,0,0,0,5,2,0,24,4,0,0,0,156,3.21,54.49
7/13/2021,194,benthic,fish,ref,mid,2,28,0,0,6,0,14,1,1,2,0,0,0,0,4,0,3,0,0,0,3,0,0,0,0,0,0,0,0,0,0,3,0,0,2,0,0,0,1,0,0,0,0,0,0,0,0,1,0,1,0,0,0,2,0,0,0,0,0,2,0,0,0,0,0,0,0,0,0,0,0,0,5,3,1,1,0,0,0,0,0,0,0,0,0,2,1,1,0,0,3,0,0,8,0,0,0,0,55,1.82,61.82
7/13/2021,194,benthic,fish,ref,mid,3,49,0,0,30,0,10,1,0,7,0,0,0,0,1,0,7,0,0,0,4,0,2,0,1,0,0,0,0,0,0,5,0,0,2,0,0,0,2,0,1,0,0,0,0,0,0,2,0,0,1,0,1,5,0,0,0,0,0,5,0,0,0,0,0,0,0,0,0,0,0,0,0,0,0,0,0,0,0,0,0,0,0,0,0,0,0,0,0,0,0,0,0,6,0,0,0,0,74,2.7,82.43
7/13/2021,194,benthic,fish,ref,up,1,110,0,0,59,0,17,8,2,19,0,1,0,0,4,0,15,0,0,0,10,0,0,1,0,0,0,3,1,0,0,15,1,0,3,0,0,0,3,0,5,3,0,0,0,0,0,14,0,13,0,1,0,4,0,0,0,0,0,4,0,0,0,0,0,0,0,0,0,0,0,0,5,4,0,0,0,1,0,0,0,0,0,0,0,1,0,0,1,0,3,0,0,13,0,0,0,0,180,7.78,77.78
7/13/2021,194,benthic,fish,ref,up,2,64,0,0,38,1,5,2,6,1,0,0,0,0,11,0,6,0,0,0,4,0,0,1,0,0,0,0,1,0,0,7,0,0,0,0,0,0,5,0,0,2,0,0,0,0,0,5,0,5,0,0,0,5,0,0,0,0,0,5,0,0,0,0,0,0,0,0,0,0,0,0,14,13,0,0,0,1,0,0,0,0,0,0,0,0,0,0,0,0,2,0,0,3,0,0,0,0,106,4.72,72.64
7/13/2021,194,benthic,fish,ref,up,3,77,0,0,53,0,11,2,2,3,0,1,0,0,5,0,5,0,0,1,3,0,0,0,0,0,0,1,0,0,0,13,0,0,9,0,0,0,3,0,1,0,0,0,0,0,0,2,0,1,0,1,0,0,0,0,0,0,0,0,0,0,0,0,0,0,0,0,0,0,0,0,5,4,0,0,0,1,0,0,0,0,0,0,0,0,0,0,0,0,0,0,0,8,0,0,0,0,110,1.82,86.36
7/15/2021,196,benthic,tp,bda,low,1,1,1,0,0,0,0,0,0,0,0,0,0,0,0,0,5,0,0,0,0,0,0,0,0,5,0,0,0,0,0,11,0,0,0,0,0,8,3,0,0,0,0,0,0,0,0,49,6,12,0,24,7,2,0,0,0,0,0,0,0,0,1,1,0,0,0,0,0,0,0,0,4,4,0,0,0,0,0,0,0,0,0,0,0,142,0,142,0,0,1,7,0,12,1,0,0,0,235,20.85,7.23
7/15/2021,196,benthic,tp,bda,low,2,0,0,0,0,0,0,0,0,0,0,0,0,0,0,0,7,0,0,0,7,0,0,0,0,0,0,0,0,0,0,9,0,0,0,0,1,8,0,0,0,0,0,0,0,0,0,6,0,5,0,1,0,1,0,0,0,0,0,0,0,1,0,0,0,0,0,0,0,0,0,0,1,1,0,0,0,0,0,0,0,0,0,0,0,0,0,0,0,0,2,0,0,0,0,0,0,0,26,23.08,61.54
7/15/2021,196,benthic,tp,bda,low,3,24,1,0,0,10,0,7,0,0,0,0,0,0,0,6,4,0,0,0,2,0,0,0,0,2,0,0,0,0,0,23,0,0,0,0,8,8,0,0,7,0,0,0,0,0,0,45,2,21,1,17,4,3,0,0,0,0,0,0,0,2,0,1,0,0,0,0,0,0,0,0,7,7,0,0,0,0,0,0,0,0,0,0,0,14,0,14,0,0,6,2,0,12,0,0,0,0,140,32.14,36.43
7/15/2021,196,benthic,tp,bda,mid,1,7,0,0,0,5,0,1,0,0,0,0,0,0,1,0,4,0,0,0,0,0,0,0,0,4,0,0,0,0,0,0,0,0,0,0,0,0,0,0,0,0,0,0,0,0,0,78,10,8,0,57,3,0,0,0,0,0,0,0,0,0,0,0,0,0,0,0,0,0,0,0,3,3,0,0,0,0,0,0,0,0,0,0,0,16,0,16,0,0,7,9,0,27,0,0,0,0,151,51.66,7.28
7/15/2021,196,benthic,tp,bda,mid,2,7,0,0,0,0,0,4,0,0,0,0,0,0,1,2,3,0,0,0,3,0,0,0,0,0,0,0,0,0,0,0,0,0,0,0,0,0,0,0,0,0,0,0,0,0,0,6,0,4,0,2,0,0,0,0,0,0,0,0,0,0,0,0,0,0,0,0,0,0,0,0,4,4,0,0,0,0,0,0,0,0,0,0,0,2,0,2,0,0,0,1,0,1,0,0,0,0,24,25,41.67
7/15/2021,196,benthic,tp,bda,mid,3,9,0,0,0,1,0,0,0,0,0,0,0,0,7,1,31,0,0,0,26,0,0,0,0,5,0,0,0,0,0,2,0,0,0,0,0,0,2,0,0,0,0,0,0,0,0,19,2,6,0,9,2,2,0,0,0,1,0,1,0,0,0,0,0,0,0,0,0,0,0,0,4,3,0,1,0,0,0,0,0,0,0,0,0,47,0,47,0,0,2,16,0,3,0,0,0,0,135,14.07,31.11
7/15/2021,196,benthic,tp,bda,up,1,33,0,0,0,7,0,1,0,11,0,0,0,1,6,7,71,0,0,1,57,0,0,0,0,13,0,0,0,0,0,7,0,0,0,0,2,0,3,0,2,0,0,0,0,0,0,30,2,16,0,12,0,27,0,0,0,0,0,25,0,2,0,0,0,0,0,0,0,0,0,0,4,4,0,0,0,0,0,0,0,0,0,0,0,6,0,6,0,0,25,1,0,48,0,0,0,0,252,11.9,44.05
7/15/2021,196,benthic,tp,bda,up,2,6,0,0,0,0,0,0,0,1,0,0,0,0,1,4,36,0,0,0,31,0,0,0,0,5,0,0,0,0,0,3,0,0,0,0,0,0,2,0,1,0,0,0,0,0,0,10,0,5,0,5,0,9,0,0,0,0,0,9,0,0,0,0,0,0,0,0,0,0,0,0,5,4,0,0,0,1,0,0,0,0,0,0,0,0,0,0,0,0,9,0,0,19,0,0,0,0,97,10.31,46.39
7/15/2021,196,benthic,tp,bda,up,3,65,0,0,0,9,0,14,0,17,0,0,0,0,22,3,97,0,0,1,76,0,0,0,0,20,0,0,0,0,0,5,0,0,0,0,1,0,4,0,0,0,0,0,0,0,0,34,2,25,0,7,0,10,0,0,0,0,0,9,0,1,0,0,0,0,0,0,0,0,0,0,7,5,0,0,0,2,0,0,0,0,0,0,0,2,0,2,0,0,18,9,0,16,0,0,0,0,263,12.93,63.5
7/15/2021,196,benthic,tp,ref,low,1,124,0,0,1,7,0,18,0,33,0,1,0,1,4,59,16,0,0,3,11,0,0,0,0,2,0,0,0,0,0,34,0,0,0,0,20,0,9,0,5,0,0,0,0,0,0,11,2,7,0,1,1,10,0,0,0,0,0,6,0,3,0,0,1,0,0,0,0,0,0,0,50,49,1,0,0,0,0,0,0,0,0,0,0,50,1,47,2,0,71,21,0,173,0,0,0,0,560,1.96,31.07
7/15/2021,196,benthic,tp,ref,low,2,14,1,0,0,6,0,1,0,3,0,0,0,0,1,2,1,0,0,0,0,0,0,0,0,1,0,0,0,0,0,2,0,0,0,0,2,0,0,0,0,0,0,0,0,0,0,12,0,2,0,0,10,0,0,0,0,0,0,0,0,0,0,0,0,0,0,0,0,0,0,0,1,0,1,0,0,0,0,0,0,0,0,0,0,11,1,10,0,0,6,5,0,11,0,0,0,0,63,19.05,26.98
7/15/2021,196,benthic,tp,ref,low,3,13,3,0,1,4,0,0,0,0,0,0,0,0,0,5,9,0,0,3,0,0,0,0,0,6,0,0,0,0,0,5,0,0,0,0,4,0,1,0,0,0,0,0,0,0,0,60,12,12,0,33,3,1,0,0,0,0,0,1,0,0,0,0,0,0,0,0,0,0,0,0,3,3,0,0,0,0,0,0,0,0,0,0,0,21,1,20,0,0,8,10,1,28,0,0,0,0,159,37.74,16.98
7/15/2021,196,benthic,tp,ref,mid,1,17,0,0,0,11,0,0,0,1,0,0,0,1,4,0,4,0,0,0,3,0,0,0,1,0,0,0,0,0,0,19,0,0,0,0,2,0,4,0,13,0,0,0,0,0,0,7,0,5,0,0,2,5,0,0,0,0,0,5,0,0,0,0,0,0,0,0,0,0,0,0,6,4,0,1,0,1,0,0,0,0,0,0,0,0,0,0,0,0,1,1,0,4,0,0,0,0,64,10.94,62.5
7/15/2021,196,benthic,tp,ref,mid,2,24,7,0,0,8,0,1,0,2,0,0,0,0,1,5,14,0,0,0,2,0,0,0,0,12,0,0,0,0,0,14,0,0,0,0,3,0,0,0,11,0,0,0,0,0,0,8,0,5,0,3,0,5,0,0,0,0,0,5,0,0,0,0,0,0,0,0,0,0,0,0,16,15,0,0,0,1,0,0,0,0,0,0,0,2,0,2,0,0,16,1,0,26,0,0,0,0,126,6.35,41.27
7/15/2021,196,benthic,tp,ref,mid,3,24,6,0,0,13,0,1,0,0,0,0,0,0,3,1,8,0,0,0,1,0,0,0,0,7,0,0,0,0,0,14,0,0,0,0,0,0,6,0,8,0,0,0,0,0,0,48,0,10,0,38,0,1,0,0,0,0,0,1,0,0,0,0,0,0,0,0,0,0,0,0,14,14,0,0,0,0,0,0,0,0,0,0,0,6,2,4,0,0,12,1,0,23,0,0,0,0,151,31.79,30.46
7/15/2021,196,benthic,tp,ref,up,1,170,2,0,0,13,0,40,0,36,0,0,0,0,14,65,15,0,0,1,3,0,0,0,11,0,0,0,0,0,0,56,0,0,0,0,17,0,3,0,36,0,0,0,0,0,0,12,1,11,0,0,0,12,0,0,0,0,0,12,0,0,0,0,0,0,0,0,0,0,0,0,30,29,1,0,0,0,0,0,0,0,0,0,0,8,1,0,7,0,29,2,0,59,0,0,0,0,393,3.05,61.32
7/15/2021,196,benthic,tp,ref,up,2,54,3,0,0,15,0,5,0,18,0,0,0,0,10,3,35,0,0,3,9,0,0,0,0,23,0,0,0,0,0,30,0,0,0,0,12,0,0,0,18,0,0,0,0,0,0,11,0,3,0,2,6,4,0,0,0,0,0,4,0,0,0,0,0,0,0,0,0,0,0,0,13,13,0,0,0,0,0,0,0,0,0,0,0,47,2,45,0,0,29,6,0,110,0,0,0,0,339,3.24,35.1
7/15/2021,196,benthic,tp,ref,up,3,84,3,0,0,12,0,6,0,36,0,0,0,0,12,15,57,0,1,21,25,0,0,0,10,0,0,0,0,0,0,38,0,0,0,0,14,0,8,0,16,0,0,0,0,0,0,12,0,4,0,0,8,17,0,0,0,0,0,14,0,3,0,0,0,0,0,0,0,0,0,0,32,30,2,0,0,0,0,0,0,0,0,0,0,81,0,80,1,0,53,1,0,162,0,0,0,0,537,2.23,33.33
8/8/2021,220,benthic,lp,bda,low,1,2,0,0,0,0,0,0,0,0,2,0,0,0,0,0,0,0,0,0,0,0,0,0,0,0,0,0,0,0,0,3,0,0,0,0,3,0,0,0,0,0,0,0,0,0,0,57,0,27,1,27,2,3,0,0,0,0,1,0,0,1,0,0,0,0,0,0,1,0,0,0,4,0,0,1,0,3,0,0,0,0,0,0,0,29,0,29,0,0,43,14,0,39,0,0,0,0,194,29.38,2.58
8/8/2021,220,benthic,lp,bda,low,2,0,0,0,0,0,0,0,0,0,0,0,0,0,0,0,0,0,0,0,0,0,0,0,0,0,0,0,0,0,0,0,0,0,0,0,0,0,0,0,0,0,0,0,0,0,0,312,16,270,1,5,20,0,0,0,0,0,0,0,0,0,0,0,0,0,0,0,0,0,0,0,2,0,0,2,0,0,0,0,0,0,0,0,0,86,0,86,0,0,12,63,3,18,0,0,1,0,497,62.78,0
8/8/2021,220,benthic,lp,bda,low,3,1,0,0,0,0,0,0,0,0,1,0,0,0,0,0,0,0,0,0,0,0,0,0,0,0,0,0,0,0,0,0,0,0,0,0,0,0,0,0,0,0,0,0,0,0,0,30,0,19,0,8,3,1,0,0,0,1,0,0,0,0,0,0,0,0,0,0,0,0,0,0,9,0,0,4,1,2,2,0,0,0,0,0,0,52,6,46,0,0,34,30,0,25,0,0,0,0,182,16.48,0.55
8/9/2021,221,benthic,lp,bda,mid,1,0,0,0,0,0,0,0,0,0,0,0,0,0,0,0,0,0,0,0,0,0,0,0,0,0,0,0,0,0,0,0,0,0,0,0,0,0,0,0,0,0,0,0,0,0,0,475,149,264,0,0,62,0,0,0,0,0,0,0,0,0,0,0,0,0,0,0,0,0,0,0,0,0,0,0,0,0,0,0,0,0,0,0,0,78,0,78,0,0,0,45,0,2,0,0,0,0,600,79.17,0
8/9/2021,221,benthic,lp,bda,mid,2,0,0,0,0,0,0,0,0,0,0,0,0,0,0,0,0,0,0,0,0,0,0,0,0,0,0,0,0,0,0,0,0,0,0,0,0,0,0,0,0,0,0,0,0,0,0,1487,618,687,0,1,181,3,0,0,0,3,0,0,0,0,0,0,0,0,0,0,0,0,0,0,3,0,0,0,3,0,0,0,0,0,0,0,0,85,0,85,0,0,0,118,0,3,0,0,0,0,1699,87.52,0
8/9/2021,221,benthic,lp,bda,mid,3,0,0,0,0,0,0,0,0,0,0,0,0,0,0,0,2,0,0,2,0,0,0,0,0,0,0,0,0,0,0,0,0,0,0,0,0,0,0,0,0,0,0,0,0,0,0,456,114,303,0,18,21,6,0,0,0,6,0,0,0,0,0,0,0,0,0,0,0,0,0,0,18,0,0,6,12,0,0,0,0,0,1,0,0,258,0,258,0,0,0,135,0,33,0,0,0,0,909,50.17,0.22
8/9/2021,221,benthic,lp,bda,up,1,0,0,0,0,0,0,0,0,0,0,0,0,0,0,0,0,0,0,0,0,0,0,0,0,0,0,0,0,0,0,4,0,0,0,0,0,0,0,4,0,0,0,0,0,0,0,265,89,150,0,10,16,2,0,0,0,0,0,0,0,1,0,0,0,0,1,0,0,0,0,0,6,3,0,1,2,0,0,0,0,0,0,0,0,132,0,132,0,0,2,17,0,0,0,0,0,0,428,61.92,0.93
8/9/2021,221,benthic,lp,bda,up,2,0,0,0,0,0,0,0,0,0,0,0,0,0,0,0,0,0,0,0,0,0,0,0,0,0,0,0,0,0,0,0,0,0,0,0,0,0,0,0,0,0,0,0,0,0,0,321,25,186,0,76,34,1,0,0,0,0,0,0,0,0,0,0,0,0,1,0,0,0,0,0,6,5,0,0,1,0,0,0,0,0,0,0,0,138,0,138,0,0,5,19,0,0,0,0,0,0,490,65.51,0
8/9/2021,221,benthic,lp,bda,up,3,0,0,0,0,0,0,0,0,0,0,0,0,0,0,0,1,0,0,1,0,0,0,0,0,0,0,0,0,0,0,0,0,0,0,0,0,0,0,0,0,0,0,0,0,0,0,99,5,35,0,52,7,1,0,0,0,0,0,0,0,1,0,0,0,0,0,0,0,0,0,0,3,1,0,2,0,0,0,0,0,0,0,0,0,12,0,12,0,0,9,7,0,0,0,0,0,0,132,75,0.76
8/9/2021,221,benthic,lp,ref,low,1,0,0,0,0,0,0,0,0,0,0,0,0,0,0,0,0,0,0,0,0,0,0,0,0,0,0,0,0,0,0,6,0,0,0,0,1,0,0,5,0,0,0,0,0,0,0,18,0,0,0,18,0,4,0,0,0,0,0,0,0,4,0,0,0,0,0,0,0,0,0,0,13,13,0,0,0,0,0,0,0,0,0,0,0,7,1,6,0,0,51,28,0,143,0,0,0,0,270,6.67,2.22
8/9/2021,221,benthic,lp,ref,low,2,1,0,0,1,0,0,0,0,0,0,0,0,0,0,0,0,0,0,0,0,0,0,0,0,0,0,0,0,0,0,2,0,0,0,0,1,0,0,1,0,0,0,0,0,0,0,3,0,0,0,3,0,0,0,0,0,0,0,0,0,0,0,0,0,0,0,0,0,0,0,0,11,9,0,0,0,2,0,0,0,0,0,0,0,9,1,8,0,0,16,5,0,27,0,0,0,0,74,4.05,4.05
8/9/2021,221,benthic,lp,ref,low,3,2,0,0,2,0,0,0,0,0,0,0,0,0,0,0,0,0,0,0,0,0,0,0,0,0,0,0,0,0,0,3,0,0,0,0,0,0,0,0,0,0,0,3,0,0,0,4,0,0,0,4,0,5,0,0,0,0,0,0,0,3,0,0,0,0,2,0,0,0,0,0,22,10,0,0,0,12,0,0,0,0,0,0,0,10,5,5,0,0,16,4,0,19,0,0,0,0,85,4.71,5.88
8/9/2021,221,benthic,lp,ref,mid,1,0,0,0,0,0,0,0,0,0,0,0,0,0,0,0,0,0,0,0,0,0,0,0,0,0,0,0,0,0,0,1,0,0,0,0,0,0,0,1,0,0,0,0,0,0,0,15,0,3,0,12,0,1,0,0,0,0,0,0,0,1,0,0,0,0,0,0,0,0,0,0,6,2,0,1,0,3,0,0,0,0,0,0,0,2,0,2,0,0,11,4,0,19,0,0,0,0,59,25.42,1.69
8/9/2021,221,benthic,lp,ref,mid,2,0,0,0,0,0,0,0,0,0,0,0,0,0,0,0,0,0,0,0,0,0,0,0,0,0,0,0,0,0,0,2,0,0,0,0,0,0,0,2,0,0,0,0,0,0,0,37,1,17,2,17,0,2,0,0,0,0,0,0,0,0,0,0,0,0,0,0,0,2,0,0,53,0,0,2,0,51,0,0,0,0,0,0,0,6,1,5,0,0,7,19,0,12,0,0,0,0,138,26.81,1.45
8/9/2021,221,benthic,lp,ref,mid,3,0,0,0,0,0,0,0,0,0,0,0,0,0,0,0,0,0,0,0,0,0,0,0,0,0,0,0,0,0,0,8,0,0,0,0,2,0,0,6,0,0,0,0,0,0,0,114,0,78,0,35,1,0,0,0,0,0,0,0,0,0,0,0,0,0,0,0,0,0,0,0,146,0,0,2,0,144,0,0,0,0,0,0,0,3,0,3,0,0,20,30,0,78,0,0,0,0,399,28.57,2.01
8/9/2021,221,benthic,lp,ref,up,1,1,0,0,0,0,0,0,0,0,1,0,0,0,0,0,0,0,0,0,0,0,0,0,0,0,0,0,0,0,0,0,0,0,0,0,0,0,0,0,0,0,0,0,0,0,0,58,0,4,0,52,2,0,0,0,0,0,0,0,0,0,0,0,0,0,0,0,0,0,0,0,11,0,0,1,3,7,0,0,0,0,0,1,0,7,3,4,0,0,1,12,0,2,0,0,0,0,93,62.37,1.08
8/9/2021,221,benthic,lp,ref,up,2,3,0,0,0,0,0,0,0,0,3,0,0,0,0,0,0,0,0,0,0,0,0,0,0,0,0,0,0,0,0,1,0,0,0,0,0,0,0,0,0,0,0,0,0,0,1,31,0,1,0,23,7,0,0,0,0,0,0,0,0,0,0,0,0,0,0,0,0,0,0,0,13,0,0,3,1,9,0,0,0,0,0,0,0,5,3,2,0,0,2,38,0,0,0,0,0,0,93,33.33,4.3
8/9/2021,221,benthic,lp,ref,up,3,0,0,0,0,0,0,0,0,0,0,0,0,0,0,0,0,0,0,0,0,0,0,0,0,0,0,0,0,0,0,0,0,0,0,0,0,0,0,0,0,0,0,0,0,0,0,5,0,4,0,1,0,0,0,0,0,0,0,0,0,0,0,0,0,0,0,0,0,0,0,0,1,0,0,0,0,1,0,0,0,0,0,0,0,0,0,0,0,0,2,3,0,0,0,0,0,0,11,45.45,0
8/10/2021,222,benthic,fish,bda,low,1,126,0,0,82,5,0,3,6,0,0,0,0,19,0,11,443,0,0,0,440,0,0,0,0,0,0,0,0,3,0,36,1,0,5,0,0,0,22,2,4,0,0,0,0,2,0,33,0,31,0,2,0,24,0,0,0,0,0,23,0,0,0,1,0,0,0,0,0,0,0,0,21,11,0,0,0,8,0,0,2,0,0,0,0,4,0,4,0,0,7,2,0,19,0,0,0,0,715,4.62,84.62
8/10/2021,222,benthic,fish,bda,low,2,56,0,0,27,0,3,5,0,1,1,0,0,16,2,1,44,0,0,1,39,0,0,0,0,0,0,0,0,4,0,10,0,0,3,0,0,0,5,0,1,0,0,0,0,1,0,8,0,6,1,0,1,0,0,0,0,0,0,0,0,0,0,0,0,0,0,0,0,0,0,0,20,20,0,0,0,0,0,0,0,0,0,0,0,0,0,0,0,0,4,4,0,17,0,0,0,0,163,4.91,67.48
8/10/2021,222,benthic,fish,bda,low,3,88,0,0,27,0,8,8,0,0,1,0,0,14,15,15,84,0,0,5,71,0,0,0,0,0,0,0,0,8,0,25,1,0,16,0,0,0,5,0,2,0,0,0,0,1,0,8,0,5,0,0,3,1,0,0,0,0,0,1,0,0,0,0,0,0,0,0,0,0,0,0,27,26,1,0,0,0,0,0,0,0,0,0,0,1,0,1,0,0,3,1,0,20,0,0,0,0,258,3.1,76.36
8/10/2021,222,benthic,fish,bda,mid,1,195,13,0,132,1,0,3,0,1,31,0,0,12,0,2,6,0,0,0,0,0,0,0,0,6,0,0,0,0,0,3,0,0,0,0,0,0,1,0,2,0,0,0,0,0,0,36,0,35,0,0,0,5,0,0,1,0,0,4,0,0,0,0,0,0,0,0,0,0,0,0,6,3,0,3,0,0,0,0,0,0,0,0,2,35,0,35,0,0,0,12,0,2,0,0,0,0,301,11.96,67.77
8/10/2021,222,benthic,fish,bda,mid,2,235,3,0,151,8,0,11,0,7,23,0,0,19,0,13,45,0,0,0,40,0,0,0,0,5,0,0,0,0,0,2,0,0,0,0,0,0,2,0,0,0,0,0,0,0,0,31,2,16,0,3,6,42,4,0,0,0,0,38,0,0,0,0,0,0,0,0,0,0,0,0,3,3,0,0,0,0,0,0,0,0,0,0,0,15,0,15,0,0,3,14,0,5,0,0,0,0,391,7.93,72.12
8/10/2021,222,benthic,fish,bda,mid,3,144,8,0,51,8,0,0,0,0,29,0,0,19,0,29,15,0,0,0,13,0,0,0,0,2,0,0,0,0,0,2,0,0,0,0,0,0,1,1,0,0,0,0,0,0,0,35,0,13,2,8,1,17,10,1,0,0,0,6,0,0,0,0,0,0,0,0,0,0,0,0,12,3,0,7,0,2,0,0,0,0,0,0,0,4,0,4,0,0,1,12,0,0,0,0,0,0,231,15.15,69.7
8/10/2021,222,benthic,fish,bda,up,1,116,27,0,35,3,2,1,0,0,21,0,0,12,10,5,9,0,0,4,5,0,0,0,0,0,0,0,0,0,0,7,0,0,0,0,0,0,3,1,0,0,0,0,0,0,3,14,3,7,1,0,3,2,0,0,0,0,0,1,0,0,0,1,0,0,0,0,0,0,0,0,11,8,0,1,0,0,0,0,2,0,0,0,0,11,0,11,0,0,0,48,0,28,0,0,0,0,246,5.69,53.66
8/10/2021,222,benthic,fish,bda,up,2,43,2,0,16,0,2,2,0,1,15,0,0,5,0,0,2,0,0,1,1,0,0,0,0,0,0,0,0,0,0,1,0,0,0,0,0,0,1,0,0,0,0,0,0,0,0,2,0,1,0,0,1,1,0,0,0,0,0,1,0,0,0,0,0,0,0,0,0,0,0,0,5,4,0,0,0,1,0,0,0,0,0,0,0,2,0,2,0,0,1,0,0,21,0,0,0,0,78,2.56,58.97
8/10/2021,222,benthic,fish,bda,up,3,39,8,0,8,0,3,1,0,0,6,0,0,7,1,5,5,0,0,0,5,0,0,0,0,0,0,0,0,0,0,10,0,0,0,0,0,0,3,7,0,0,0,0,0,0,0,5,1,4,0,0,0,2,0,0,0,0,0,2,0,0,0,0,0,0,0,0,0,0,0,0,4,3,0,0,0,0,1,0,0,0,0,0,0,2,0,2,0,0,0,2,0,13,0,0,0,0,82,6.1,65.85
8/10/2021,222,benthic,fish,ref,low,1,49,0,0,26,0,0,1,1,0,0,0,0,14,7,0,9,0,0,2,4,0,0,0,0,0,0,0,0,3,0,9,0,2,3,0,0,0,3,0,1,0,0,0,0,0,0,1,0,1,0,0,0,0,0,0,0,0,0,0,0,0,0,0,0,0,0,0,0,0,0,0,15,15,0,0,0,0,0,0,0,0,0,0,0,1,0,1,0,0,2,2,0,20,0,0,0,0,108,0.93,62.04
8/10/2021,222,benthic,fish,ref,low,2,47,0,0,32,0,4,0,0,0,1,0,0,7,2,1,20,0,0,0,20,0,0,0,0,0,0,0,0,0,0,10,0,1,5,0,0,0,1,0,3,0,0,0,0,0,0,6,0,6,0,0,0,4,0,0,0,0,0,4,0,0,0,0,0,0,0,0,0,0,0,0,10,9,0,0,0,0,0,0,1,0,0,0,1,0,0,0,0,0,1,0,0,10,0,0,0,0,109,5.5,70.64
8/10/2021,222,benthic,fish,ref,low,3,105,0,0,58,0,15,7,0,6,4,0,0,3,8,4,110,0,0,3,93,0,0,0,0,7,0,0,0,5,2,31,0,3,22,0,0,0,2,1,3,0,0,0,0,0,0,6,0,6,0,0,0,40,0,0,0,0,0,39,0,0,0,0,0,0,1,0,0,0,0,0,32,28,0,0,0,1,0,1,2,0,0,0,0,0,0,0,0,0,3,2,0,54,0,0,0,0,383,1.57,64.23
8/10/2021,222,benthic,fish,ref,mid,1,128,0,0,105,1,11,2,0,2,2,0,0,2,3,0,39,0,0,2,36,0,0,0,0,0,0,0,0,1,0,31,0,2,21,0,0,0,5,0,0,0,0,0,0,3,0,16,0,13,0,0,1,13,0,2,0,0,0,10,0,0,0,1,0,0,0,0,0,0,0,0,7,7,0,0,0,0,0,0,0,0,0,0,0,1,0,1,0,0,3,0,0,9,0,0,0,0,245,6.53,80.82
8/10/2021,222,benthic,fish,ref,mid,2,111,0,0,88,0,10,3,4,3,1,0,0,0,2,0,150,0,0,0,148,0,0,0,0,0,0,0,0,2,0,27,0,0,12,0,0,0,10,0,4,0,0,0,1,0,0,8,0,8,0,0,0,46,0,0,0,0,0,46,0,0,0,0,0,0,0,0,0,0,0,0,18,14,0,0,0,3,1,0,0,0,0,0,0,1,0,0,0,1,3,1,0,11,0,0,0,0,376,2.13,76.6
8/10/2021,222,benthic,fish,ref,mid,3,20,1,0,7,0,3,4,1,0,1,0,0,3,0,0,7,0,0,0,6,0,0,0,0,1,0,0,0,0,0,2,0,0,0,0,0,0,1,0,1,0,0,0,0,0,0,1,0,1,0,0,0,3,0,0,0,0,0,3,0,0,0,0,0,0,0,0,0,0,0,0,3,2,0,0,0,1,0,0,0,0,0,0,0,0,0,0,0,0,0,0,0,3,0,0,0,0,39,2.56,74.36
8/10/2021,222,benthic,fish,ref,up,1,165,0,0,107,1,17,2,1,1,2,0,0,5,24,5,42,0,0,1,40,0,0,0,0,0,0,1,0,0,0,12,0,0,8,0,0,0,4,0,0,0,0,0,0,0,0,1,0,1,0,0,0,5,0,0,0,0,0,5,0,0,0,0,0,0,0,0,0,0,0,0,18,17,1,0,0,0,0,0,0,0,0,0,0,0,0,0,0,0,1,0,0,9,0,0,0,0,253,0.4,86.56
8/10/2021,222,benthic,fish,ref,up,2,120,8,0,51,2,15,6,0,1,7,0,0,2,28,0,9,0,0,0,7,1,0,0,0,0,0,1,0,0,0,2,0,0,0,0,0,0,0,0,0,0,0,1,0,0,1,5,0,4,0,0,1,1,0,0,0,0,0,1,0,0,0,0,0,0,0,0,0,0,0,0,11,10,0,1,0,0,0,0,0,0,0,0,0,3,0,3,0,0,2,4,0,3,0,0,0,0,160,3.13,81.88
8/10/2021,222,benthic,fish,ref,up,3,5,0,0,1,0,0,0,1,0,1,0,0,0,2,0,0,0,0,0,0,0,0,0,0,0,0,0,0,0,0,0,0,0,0,0,0,0,0,0,0,0,0,0,0,0,0,0,0,0,0,0,0,0,0,0,0,0,0,0,0,0,0,0,0,0,0,0,0,0,0,0,1,1,0,0,0,0,0,0,0,0,0,0,0,0,0,0,0,0,0,0,0,0,0,0,0,0,6,0,83.33
8/12/2021,224,benthic,tp,bda,low,1,6,0,0,0,0,0,0,0,0,0,0,0,5,0,1,10,0,0,0,2,0,0,0,0,7,0,0,0,0,1,9,0,0,0,0,1,0,1,0,7,0,0,0,0,0,0,69,18,14,1,34,0,22,0,2,0,0,0,0,0,4,0,16,0,0,0,0,0,0,0,0,11,11,0,0,0,0,0,0,0,0,0,0,0,173,0,173,0,0,11,9,0,56,0,0,0,0,374,18.45,6.68
8/12/2021,224,benthic,tp,bda,low,2,58,0,0,0,0,0,4,0,0,45,0,0,6,0,3,12,0,0,1,0,0,0,0,0,11,0,0,0,0,0,1,0,0,0,0,1,0,0,0,0,0,0,0,0,0,0,44,29,4,0,10,1,2,0,0,0,0,0,0,0,0,0,2,0,0,0,0,0,0,0,0,3,3,0,0,0,0,0,0,0,0,0,0,0,73,0,73,0,0,3,55,0,22,0,0,0,0,273,16.12,26.01
8/12/2021,224,benthic,tp,bda,low,3,3,0,0,0,0,0,0,0,0,3,0,0,0,0,0,23,0,0,0,18,0,0,0,0,5,0,0,0,0,0,3,0,0,0,0,0,0,0,0,3,0,0,0,0,0,0,23,3,5,0,15,0,9,0,0,0,0,0,3,0,0,1,5,0,0,0,0,0,0,0,0,16,16,0,0,0,0,0,0,0,0,0,0,0,99,0,99,0,0,3,15,0,16,0,0,0,0,210,10.95,13.81
8/12/2021,224,benthic,tp,bda,mid,1,2,0,0,0,0,0,0,0,0,1,0,0,0,0,1,0,0,0,0,0,0,0,0,0,0,0,0,0,0,0,6,0,0,0,0,4,0,1,1,0,0,0,0,0,0,0,13,8,4,1,0,0,0,0,0,0,0,0,0,0,0,0,0,0,0,0,0,0,0,0,0,4,4,0,0,0,0,0,0,0,0,0,0,0,29,1,28,0,0,1,6,0,5,0,0,0,0,66,19.7,12.12
8/12/2021,224,benthic,tp,bda,mid,2,15,1,0,0,0,0,0,0,0,9,0,0,3,0,2,4,0,0,0,1,0,0,0,0,3,0,0,0,0,0,2,0,0,0,0,1,0,1,0,0,0,0,0,0,0,0,8,2,6,0,0,0,2,0,0,0,0,0,1,0,1,0,0,0,0,0,0,0,0,0,0,4,4,0,0,0,0,0,0,0,0,0,0,0,8,0,8,0,0,1,7,0,37,0,0,0,0,88,9.09,23.86
8/12/2021,224,benthic,tp,bda,mid,3,1,0,0,0,0,0,0,0,0,1,0,0,0,0,0,0,0,0,0,0,0,0,0,0,0,0,0,0,0,0,3,0,0,0,0,2,0,0,0,1,0,0,0,0,0,0,4,2,2,0,0,0,1,0,0,0,0,0,0,0,1,0,0,0,0,0,0,0,0,0,0,0,0,0,0,0,0,0,0,0,0,0,0,0,6,0,5,0,1,3,5,0,11,0,0,0,0,34,11.76,11.76
8/12/2021,224,benthic,tp,bda,up,1,3,0,0,0,0,0,0,0,0,1,0,0,0,1,1,2,0,0,0,1,0,0,0,0,1,0,0,0,0,0,1,0,0,0,0,1,0,0,0,0,0,0,0,0,0,0,4,0,2,2,0,0,1,0,0,0,0,0,0,0,1,0,0,0,0,0,0,0,0,0,0,0,0,0,0,0,0,0,0,0,0,0,0,0,0,0,0,0,0,0,1,0,2,0,0,0,0,14,28.57,42.86
8/12/2021,224,benthic,tp,bda,up,2,29,0,0,0,0,0,0,0,3,1,0,0,10,0,15,33,0,0,0,30,0,0,0,0,3,0,0,0,0,0,11,0,0,1,0,1,0,9,0,0,0,0,0,0,0,0,13,0,13,0,0,0,10,0,0,0,0,0,4,0,2,0,4,0,0,0,0,0,0,0,0,17,16,1,0,0,0,0,0,0,0,0,0,0,3,0,3,0,0,9,10,0,79,0,0,0,0,214,6.07,34.11
8/12/2021,224,benthic,tp,bda,up,3,9,0,0,0,0,0,0,0,0,5,0,0,2,0,2,2,0,0,0,1,0,0,0,0,1,0,0,0,0,0,1,0,0,0,0,0,0,1,0,0,0,0,0,0,0,0,4,0,4,0,0,0,0,0,0,0,0,0,0,0,0,0,0,0,0,0,0,0,0,0,0,1,1,0,0,0,0,0,0,0,0,0,0,0,0,0,0,0,0,1,1,0,3,0,0,0,0,22,18.18,54.55
8/12/2021,224,benthic,tp,ref,low,1,185,5,0,4,7,0,13,0,8,0,0,0,37,0,111,15,0,0,4,7,0,0,0,0,4,0,0,0,0,0,26,0,0,10,0,8,0,4,0,4,0,0,0,0,0,0,34,0,30,2,2,0,18,0,0,0,0,0,14,0,4,0,0,0,0,0,0,0,0,0,0,72,62,0,0,0,10,0,0,0,0,0,0,0,54,3,51,0,0,43,22,0,210,0,0,0,1,680,5,33.24
8/12/2021,224,benthic,tp,ref,low,2,14,3,0,0,0,0,3,0,1,0,0,0,4,0,3,5,0,0,1,0,0,0,0,0,4,0,0,0,0,0,5,0,0,0,0,2,0,1,0,2,0,0,0,0,0,0,12,1,3,0,8,0,1,0,0,0,0,0,0,0,1,0,0,0,0,0,0,0,0,0,0,7,7,0,0,0,0,0,0,0,0,0,0,0,2,1,1,0,0,9,9,0,43,0,0,0,0,107,11.21,22.43
8/12/2021,224,benthic,tp,ref,low,3,30,1,0,0,1,0,0,1,2,0,0,0,15,0,10,6,0,0,3,0,0,0,0,0,3,0,0,0,0,0,9,0,0,3,0,2,0,2,0,2,0,0,0,0,0,0,12,6,2,0,4,0,1,0,0,0,0,0,0,0,1,0,0,0,0,0,0,0,0,0,0,4,4,0,0,0,0,0,0,0,0,0,0,0,42,0,42,0,0,12,74,0,57,0,0,0,0,247,4.86,18.22
8/12/2021,224,benthic,tp,ref,mid,1,24,1,0,0,0,0,1,0,0,4,0,0,15,0,3,2,0,0,0,0,0,0,0,0,2,0,0,0,0,0,2,0,0,0,0,0,0,1,0,1,0,0,0,0,0,0,1,0,1,0,0,0,0,0,0,0,0,0,0,0,0,0,0,0,0,0,0,0,0,0,0,2,2,0,0,0,0,0,0,0,0,0,0,0,1,1,0,0,0,2,0,0,12,0,0,0,1,47,2.13,59.57
8/12/2021,224,benthic,tp,ref,mid,2,44,0,0,0,4,0,0,1,0,5,0,0,24,0,10,4,0,0,0,0,0,0,0,0,4,0,0,0,0,0,6,0,0,0,0,0,0,1,0,5,0,0,0,0,0,0,5,0,3,0,0,2,1,0,0,0,0,0,1,0,0,0,0,0,0,0,0,0,0,0,0,7,7,0,0,0,0,0,0,0,0,0,0,0,5,3,2,0,0,2,1,0,29,0,0,0,0,104,4.81,51.92
8/12/2021,224,benthic,tp,ref,mid,3,5,0,0,0,1,0,0,0,0,0,0,0,3,0,1,0,0,0,0,0,0,0,0,0,0,0,0,0,0,0,0,0,0,0,0,0,0,0,0,0,0,0,0,0,0,0,1,0,1,0,0,0,0,0,0,0,0,0,0,0,0,0,0,0,0,0,0,0,0,0,0,0,0,0,0,0,0,0,0,0,0,0,0,0,4,0,4,0,0,1,0,0,14,0,0,0,0,25,4,20
8/12/2021,224,benthic,tp,ref,up,1,58,2,0,0,0,0,7,0,0,3,0,0,13,0,33,16,0,0,10,2,0,0,0,0,4,0,0,0,0,0,9,0,0,0,0,0,0,1,0,8,0,0,0,0,0,0,2,0,1,0,1,0,2,0,0,0,0,0,1,0,1,0,0,0,0,0,0,0,0,0,0,37,19,18,0,0,0,0,0,0,0,0,0,0,36,2,34,0,0,6,0,0,53,0,0,0,0,219,0.91,37.9
8/12/2021,224,benthic,tp,ref,up,2,2,0,0,0,0,0,0,0,0,2,0,0,0,0,0,0,0,0,0,0,0,0,0,0,0,0,0,0,0,0,2,0,0,0,0,0,0,0,0,2,0,0,0,0,0,0,3,0,0,0,3,0,0,0,0,0,0,0,0,0,0,0,0,0,0,0,0,0,0,0,0,1,1,0,0,0,0,0,0,0,0,0,0,0,0,0,0,0,0,1,0,0,3,0,0,0,0,12,25,33.33
8/12/2021,224,benthic,tp,ref,up,3,87,1,0,7,2,0,1,3,0,4,0,0,32,0,37,48,0,0,11,7,0,0,0,0,30,0,0,0,0,0,19,0,0,0,0,3,0,2,0,14,0,0,0,0,0,0,3,0,0,0,3,0,18,0,0,0,0,0,10,0,4,0,4,0,0,0,0,0,0,0,0,59,55,4,0,0,0,0,0,0,0,0,0,0,147,2,145,0,0,6,0,0,82,0,0,0,0,469,0.64,32.84
